{"cameraMode":{"drawMode":0,"name":"Shaded","section":"Shading Mode"},"sceneLighting":true,"audioPlay":false,"sceneViewState":{"m_AlwaysRefresh":true,"showFog":true,"showSkybox":true,"showFlares":true,"showImageEffects":true,"showParticleSystems":true,"showVisualEffectGraphs":true,"m_FxEnabled":false},"in2DMode":false,"pivot":{"x":616.39404296875,"y":426.62127685546877,"z":-532.8157348632813},"rotation":{"x":0.03779565542936325,"y":0.03120419569313526,"z":-0.0011027388973161579,"w":0.9990583062171936},"size":92.85594177246094,"orthographic":false}